{
    "success_rate_total_instruction": 0.6004230960676954,
    "success_rate_instruction_crash": 0.6521739130434783,
    "success_rate_instruction_target_speed": 0.3165104542177361,
    "success_rate_instruction_faster": 0.7837058399423216,
    "success_rate_instruction_slower": 0.8291970802919708,
    "success_rate_instruction_lane_change": 0.6833527357392316,
    "success_rate_instruction_stop": 0.28701180744777477,
    "success_rate_instruction_route": 0,
    "num_samples_instruction": 8037
}